{"accuracy": [0.652592658996582, 0.8814424872398376, 0.9266377687454224, 0.9491997957229614, 0.9609218239784241, 0.9682907462120056, 0.9749057292938232, 0.9778220653533936, 0.9811508655548096, 0.9832989573478699], "loss": [1.164780855178833, 0.3681126534938812, 0.22560812532901764, 0.1537335216999054, 0.11704524606466293, 0.09459173679351807, 0.0766320750117302, 0.0659441277384758, 0.05735009163618088, 0.05114277824759483], "val_accuracy": [0.8495902419090271, 0.9150921702384949, 0.9289209842681885, 0.9351809620857239, 0.9314249753952026, 0.9553835391998291, 0.9647166132926941, 0.9620987772941589, 0.9488959908485413, 0.9574322700500488], "val_loss": [0.45602262020111084, 0.26938849687576294, 0.2125866860151291, 0.2015095055103302, 0.23204320669174194, 0.14417670667171478, 0.11544954776763916, 0.12525567412376404, 0.16712525486946106, 0.13931548595428467]}